﻿<?xml version="1.0" encoding="us-ascii"?>
<PathList xmlns:xsi="http://www.w3.org/2001/XMLSchema-instance" xmlns:xsd="http://www.w3.org/2001/XMLSchema">
  <Path>
    <PathName>BH0_LP</PathName>
    <PathID>0</PathID>
    <AdditionalLoss>0</AdditionalLoss>
    <Cal_Date>7/2/2013 3:55 PM</Cal_Date>
    <TesterID>CNALLURI07291</TesterID>
    <CalCable_PathName>NA</CalCable_PathName>
    <UseCalCable>false</UseCalCable>
    <DataList>
      <Data>
        <Frequency>2412</Frequency>
        <Value>8.978</Value>
        <Delta>0</Delta>
      </Data>
      <Data>
        <Frequency>2447</Frequency>
        <Value>9.016</Value>
        <Delta>0</Delta>
      </Data>
      <Data>
        <Frequency>2484</Frequency>
        <Value>9.254</Value>
        <Delta>0</Delta>
      </Data>
      <Data>
        <Frequency>5170</Frequency>
        <Value>10.524</Value>
        <Delta>0</Delta>
      </Data>
      <Data>
        <Frequency>5190</Frequency>
        <Value>10.412</Value>
        <Delta>0</Delta>
      </Data>
      <Data>
        <Frequency>5230</Frequency>
        <Value>10.62</Value>
        <Delta>0</Delta>
      </Data>
      <Data>
        <Frequency>5250</Frequency>
        <Value>10.414</Value>
        <Delta>0</Delta>
      </Data>
      <Data>
        <Frequency>5310</Frequency>
        <Value>10.744</Value>
        <Delta>0</Delta>
      </Data>
      <Data>
        <Frequency>5330</Frequency>
        <Value>10.504</Value>
        <Delta>0</Delta>
      </Data>
      <Data>
        <Frequency>5490</Frequency>
        <Value>10.302</Value>
        <Delta>0</Delta>
      </Data>
      <Data>
        <Frequency>5510</Frequency>
        <Value>10.044</Value>
        <Delta>0</Delta>
      </Data>
      <Data>
        <Frequency>5590</Frequency>
        <Value>10.262</Value>
        <Delta>0</Delta>
      </Data>
      <Data>
        <Frequency>5610</Frequency>
        <Value>10.186</Value>
        <Delta>0</Delta>
      </Data>
      <Data>
        <Frequency>5735</Frequency>
        <Value>11.09</Value>
        <Delta>0</Delta>
      </Data>
      <Data>
        <Frequency>5755</Frequency>
        <Value>11.344</Value>
        <Delta>0</Delta>
      </Data>
      <Data>
        <Frequency>5815</Frequency>
        <Value>10.556</Value>
        <Delta>0</Delta>
      </Data>
      <Data>
        <Frequency>5835</Frequency>
        <Value>10.746</Value>
        <Delta>0</Delta>
      </Data>
    </DataList>
  </Path>
  <Path>
    <PathName>BH1_LP</PathName>
    <PathID>0</PathID>
    <AdditionalLoss>0</AdditionalLoss>
    <Cal_Date>7/2/2015 3:55 PM</Cal_Date>
    <TesterID>CNALLURI07291</TesterID>
    <CalCable_PathName>NA</CalCable_PathName>
    <UseCalCable>false</UseCalCable>
    <DataList>
      <Data>
        <Frequency>2412</Frequency>
        <Value>8.752</Value>
        <Delta>0</Delta>
      </Data>
      <Data>
        <Frequency>2447</Frequency>
        <Value>8.546</Value>
        <Delta>0</Delta>
      </Data>
      <Data>
        <Frequency>2484</Frequency>
        <Value>8.644</Value>
        <Delta>0</Delta>
      </Data>
      <Data>
        <Frequency>5170</Frequency>
        <Value>10.514</Value>
        <Delta>0</Delta>
      </Data>
      <Data>
        <Frequency>5190</Frequency>
        <Value>10.304</Value>
        <Delta>0</Delta>
      </Data>
      <Data>
        <Frequency>5230</Frequency>
        <Value>10.762</Value>
        <Delta>0</Delta>
      </Data>
      <Data>
        <Frequency>5250</Frequency>
        <Value>10.632</Value>
        <Delta>0</Delta>
      </Data>
      <Data>
        <Frequency>5310</Frequency>
        <Value>11.4</Value>
        <Delta>0</Delta>
      </Data>
      <Data>
        <Frequency>5330</Frequency>
        <Value>11.044</Value>
        <Delta>0</Delta>
      </Data>
      <Data>
        <Frequency>5490</Frequency>
        <Value>9.636</Value>
        <Delta>0</Delta>
      </Data>
      <Data>
        <Frequency>5510</Frequency>
        <Value>10.242</Value>
        <Delta>0</Delta>
      </Data>
      <Data>
        <Frequency>5590</Frequency>
        <Value>10.536</Value>
        <Delta>0</Delta>
      </Data>
      <Data>
        <Frequency>5610</Frequency>
        <Value>10.482</Value>
        <Delta>0</Delta>
      </Data>
      <Data>
        <Frequency>5735</Frequency>
        <Value>11.316</Value>
        <Delta>0</Delta>
      </Data>
      <Data>
        <Frequency>5755</Frequency>
        <Value>10.814</Value>
        <Delta>0</Delta>
      </Data>
      <Data>
        <Frequency>5815</Frequency>
        <Value>10.126</Value>
        <Delta>0</Delta>
      </Data>
      <Data>
        <Frequency>5835</Frequency>
        <Value>10.176</Value>
        <Delta>0</Delta>
      </Data>
    </DataList>
  </Path>
</PathList>
